{
  "_fv": 10,
  "_type": "armor",
  "definition": {
    "enableHelmet": true,
    "textureHelmet": "barrier_head",
    "enableBody": true,
    "textureBody": "barrier_body",
    "enableLeggings": true,
    "textureLeggings": "barrier_leggings",
    "enableBoots": true,
    "textureBoots": "barrier_boots",
    "creativeTab": {
      "value": "COMBAT"
    },
    "armorTextureFile": "barrier",
    "helmetName": "Barrier Helmet",
    "bodyName": "Barrier Chestplate",
    "leggingsName": "Barrier Leggings",
    "bootsName": "Barrier Boots",
    "helmetSpecialInfo": [],
    "bodySpecialInfo": [],
    "leggingsSpecialInfo": [],
    "bootsSpecialInfo": [],
    "helmetModelName": "Default",
    "helmetModelPart": "Helmet",
    "helmetModelTexture": "From armor",
    "bodyModelName": "Default",
    "bodyModelPart": "Body",
    "armsModelPartL": "Arms L",
    "armsModelPartR": "Arms R",
    "bodyModelTexture": "From armor",
    "leggingsModelName": "Default",
    "leggingsModelPartL": "Leggings L",
    "leggingsModelPartR": "Leggings R",
    "leggingsModelTexture": "From armor",
    "bootsModelName": "Default",
    "bootsModelPartL": "Boots L",
    "bootsModelPartR": "Boots R",
    "bootsModelTexture": "From armor",
    "maxDamage": 33,
    "damageValueHelmet": 4,
    "damageValueBody": 11,
    "damageValueLeggings": 13,
    "damageValueBoots": 4,
    "enchantability": 20,
    "toughness": 0.0,
    "equipSound": {
      "value": ""
    },
    "repairItems": []
  }
}