{
  "_fv": 10,
  "_type": "tool",
  "definition": {
    "renderType": 0,
    "texture": "barrier_hoe",
    "customModelName": "Normal",
    "name": "Barrier Hoe",
    "specialInfo": [],
    "creativeTab": {
      "value": "TOOLS"
    },
    "toolType": "Hoe",
    "harvestLevel": 4,
    "efficiency": 10.0,
    "attackSpeed": 1.0,
    "enchantability": 31,
    "damageVsEntity": 4.0,
    "usageCount": 754,
    "blocksAffected": [],
    "hasGlow": false,
    "repairItems": [],
    "stayInGridWhenCrafting": false,
    "damageOnCrafting": false
  }
}