{
  "_fv": 10,
  "_type": "armor",
  "definition": {
    "enableHelmet": true,
    "textureHelmet": "cat_head",
    "enableBody": true,
    "textureBody": "cat_body",
    "enableLeggings": true,
    "textureLeggings": "cat_leggings",
    "enableBoots": true,
    "textureBoots": "cat_boots",
    "creativeTab": {
      "value": "COMBAT"
    },
    "armorTextureFile": "cat",
    "helmetName": "Cat Helmet",
    "bodyName": "Cat Chestplate",
    "leggingsName": "Cat Leggings",
    "bootsName": "Cat Boots",
    "helmetSpecialInfo": [],
    "bodySpecialInfo": [],
    "leggingsSpecialInfo": [],
    "bootsSpecialInfo": [],
    "helmetModelName": "Default",
    "helmetModelPart": "Helmet",
    "helmetModelTexture": "From armor",
    "bodyModelName": "Default",
    "bodyModelPart": "Body",
    "armsModelPartL": "Arms L",
    "armsModelPartR": "Arms R",
    "bodyModelTexture": "From armor",
    "leggingsModelName": "Default",
    "leggingsModelPartL": "Leggings L",
    "leggingsModelPartR": "Leggings R",
    "leggingsModelTexture": "From armor",
    "bootsModelName": "Default",
    "bootsModelPartL": "Boots L",
    "bootsModelPartR": "Boots R",
    "bootsModelTexture": "From armor",
    "maxDamage": 20,
    "damageValueHelmet": 3,
    "damageValueBody": 7,
    "damageValueLeggings": 8,
    "damageValueBoots": 3,
    "enchantability": 12,
    "toughness": 0.0,
    "equipSound": {
      "value": ""
    },
    "repairItems": []
  }
}