{
  "_fv": 10,
  "_type": "tool",
  "definition": {
    "renderType": 0,
    "texture": "cat_axe",
    "customModelName": "Normal",
    "name": "Cat Axe",
    "specialInfo": [],
    "creativeTab": {
      "value": "TOOLS"
    },
    "toolType": "Axe",
    "harvestLevel": 3,
    "efficiency": 7.0,
    "attackSpeed": 1.0,
    "enchantability": 18,
    "damageVsEntity": 3.0,
    "usageCount": 361,
    "blocksAffected": [],
    "hasGlow": false,
    "repairItems": [],
    "stayInGridWhenCrafting": false,
    "damageOnCrafting": false
  }
}