{
  "_fv": 10,
  "_type": "armor",
  "definition": {
    "enableHelmet": true,
    "textureHelmet": "copper_head",
    "enableBody": true,
    "textureBody": "copper_body",
    "enableLeggings": true,
    "textureLeggings": "copper_leggings",
    "enableBoots": true,
    "textureBoots": "copper_boots",
    "creativeTab": {
      "value": "COMBAT"
    },
    "armorTextureFile": "copper",
    "helmetName": "Copper Helmet",
    "bodyName": "Copper Chestplate",
    "leggingsName": "Copper Leggings",
    "bootsName": "Copper Boots",
    "helmetSpecialInfo": [],
    "bodySpecialInfo": [],
    "leggingsSpecialInfo": [],
    "bootsSpecialInfo": [],
    "helmetModelName": "Default",
    "helmetModelPart": "Helmet",
    "helmetModelTexture": "From armor",
    "bodyModelName": "Default",
    "bodyModelPart": "Body",
    "armsModelPartL": "Arms L",
    "armsModelPartR": "Arms R",
    "bodyModelTexture": "From armor",
    "leggingsModelName": "Default",
    "leggingsModelPartL": "Leggings L",
    "leggingsModelPartR": "Leggings R",
    "leggingsModelTexture": "From armor",
    "bootsModelName": "Default",
    "bootsModelPartL": "Boots L",
    "bootsModelPartR": "Boots R",
    "bootsModelTexture": "From armor",
    "maxDamage": 15,
    "damageValueHelmet": 2,
    "damageValueBody": 5,
    "damageValueLeggings": 6,
    "damageValueBoots": 2,
    "enchantability": 9,
    "toughness": 0.0,
    "equipSound": {
      "value": ""
    },
    "repairItems": []
  }
}