{
  "_fv": 10,
  "_type": "tool",
  "definition": {
    "renderType": 0,
    "texture": "copper_pickaxe",
    "customModelName": "Normal",
    "name": "Copper Pickaxe",
    "specialInfo": [],
    "creativeTab": {
      "value": "TOOLS"
    },
    "toolType": "Pickaxe",
    "harvestLevel": 2,
    "efficiency": 6.0,
    "attackSpeed": 1.0,
    "enchantability": 14,
    "damageVsEntity": 2.0,
    "usageCount": 250,
    "blocksAffected": [],
    "hasGlow": false,
    "repairItems": [],
    "stayInGridWhenCrafting": false,
    "damageOnCrafting": false
  }
}