{
  "_fv": 10,
  "_type": "armor",
  "definition": {
    "enableHelmet": true,
    "textureHelmet": "ender_head",
    "enableBody": true,
    "textureBody": "ender_body",
    "enableLeggings": true,
    "textureLeggings": "ender_leggings",
    "enableBoots": true,
    "textureBoots": "ender_boots",
    "creativeTab": {
      "value": "COMBAT"
    },
    "armorTextureFile": "ender",
    "helmetName": "Ender Helmet",
    "bodyName": "Ender Chestplate",
    "leggingsName": "Ender Leggings",
    "bootsName": "Ender Boots",
    "helmetSpecialInfo": [],
    "bodySpecialInfo": [],
    "leggingsSpecialInfo": [],
    "bootsSpecialInfo": [],
    "helmetModelName": "Default",
    "helmetModelPart": "Helmet",
    "helmetModelTexture": "From armor",
    "bodyModelName": "Default",
    "bodyModelPart": "Body",
    "armsModelPartL": "Arms L",
    "armsModelPartR": "Arms R",
    "bodyModelTexture": "From armor",
    "leggingsModelName": "Default",
    "leggingsModelPartL": "Leggings L",
    "leggingsModelPartR": "Leggings R",
    "leggingsModelTexture": "From armor",
    "bootsModelName": "Default",
    "bootsModelPartL": "Boots L",
    "bootsModelPartR": "Boots R",
    "bootsModelTexture": "From armor",
    "maxDamage": 26,
    "damageValueHelmet": 3,
    "damageValueBody": 9,
    "damageValueLeggings": 10,
    "damageValueBoots": 3,
    "enchantability": 15,
    "toughness": 0.0,
    "equipSound": {
      "value": ""
    },
    "repairItems": []
  }
}