{
  "_fv": 10,
  "_type": "biome",
  "definition": {
    "groundBlock": {
      "value": "Blocks.SAND#0"
    },
    "undergroundBlock": {
      "value": "Blocks.SANDSTONE#0"
    },
    "generateLakes": false,
    "treeType": 0,
    "vanillaTreeType": "Default",
    "minHeight": 1,
    "spawnVines": false,
    "treeVines": {
      "value": ""
    },
    "treeStem": {
      "value": ""
    },
    "treeBranch": {
      "value": ""
    },
    "treeFruits": {
      "value": ""
    },
    "grassColor": {
      "value": -6711040,
      "falpha": 0.0
    },
    "waterColor": {
      "value": -13421824,
      "falpha": 0.0
    },
    "treesPerChunk": 0,
    "grassPerChunk": 0,
    "flowersPerChunk": 0,
    "mushroomsPerChunk": 0,
    "bigMushroomsChunk": 0,
    "sandPathcesPerChunk": 5,
    "gravelPatchesPerChunk": 1,
    "reedsPerChunk": 0,
    "cactiPerChunk": 10,
    "rainingPossibility": 0.1,
    "temperature": 2.0,
    "baseHeight": 0.1,
    "heightVariation": 0.2,
    "spawnBiome": true,
    "biomeWeight": 6,
    "biomeType": "DESERT",
    "biomeCategory": "NONE",
    "parent": {
      "value": "No parent"
    },
    "biomeDictionaryTypes": [],
    "spawnEntries": [
      {
        "entity": {
          "value": "EntityAgeable"
        },
        "minGroup": 10,
        "maxGroup": 15,
        "weight": 30,
        "spawnType": "monster"
      }
    ]
  }
}