{
  "_fv": 10,
  "_type": "biome",
  "definition": {
    "groundBlock": {
      "value": "Blocks.FROSTED_ICE"
    },
    "undergroundBlock": {
      "value": "Blocks.PACKED_ICE"
    },
    "generateLakes": true,
    "treeType": 0,
    "vanillaTreeType": "Default",
    "minHeight": 7,
    "spawnVines": false,
    "treeVines": {
      "value": ""
    },
    "treeStem": {
      "value": ""
    },
    "treeBranch": {
      "value": ""
    },
    "treeFruits": {
      "value": ""
    },
    "waterColor": {
      "value": -16724788,
      "falpha": 0.0
    },
    "treesPerChunk": 0,
    "grassPerChunk": 5,
    "flowersPerChunk": 2,
    "mushroomsPerChunk": 0,
    "bigMushroomsChunk": 0,
    "sandPathcesPerChunk": 0,
    "gravelPatchesPerChunk": 0,
    "reedsPerChunk": 0,
    "cactiPerChunk": 0,
    "rainingPossibility": 0.30000000000000004,
    "temperature": -1.0,
    "baseHeight": 0.1,
    "heightVariation": 0.2,
    "spawnBiome": true,
    "biomeWeight": 10,
    "biomeType": "ICY",
    "biomeCategory": "NONE",
    "parent": {
      "value": "No parent"
    },
    "biomeDictionaryTypes": [],
    "spawnEntries": []
  }
}