{
  "_fv": 10,
  "_type": "tool",
  "definition": {
    "renderType": 0,
    "texture": "mss",
    "customModelName": "Normal",
    "name": "Monster Slayer Sword",
    "specialInfo": [],
    "creativeTab": {
      "value": "TOOLS"
    },
    "toolType": "Sword",
    "harvestLevel": 1,
    "efficiency": 5.0,
    "attackSpeed": 2.0,
    "enchantability": 5,
    "damageVsEntity": 6.3999999999999995,
    "usageCount": 1000,
    "blocksAffected": [],
    "hasGlow": true,
    "repairItems": [],
    "stayInGridWhenCrafting": false,
    "damageOnCrafting": false
  }
}