{
  "_fv": 10,
  "_type": "armor",
  "definition": {
    "enableHelmet": true,
    "textureHelmet": "painite_head",
    "enableBody": true,
    "textureBody": "painite_body",
    "enableLeggings": true,
    "textureLeggings": "painite_leggings",
    "enableBoots": true,
    "textureBoots": "painite_boots",
    "creativeTab": {
      "value": "COMBAT"
    },
    "armorTextureFile": "painite",
    "helmetName": "Painite Helmet",
    "bodyName": "Painite Chestplate",
    "leggingsName": "Painite Leggings",
    "bootsName": "Painite Boots",
    "helmetSpecialInfo": [],
    "bodySpecialInfo": [],
    "leggingsSpecialInfo": [],
    "bootsSpecialInfo": [],
    "helmetModelName": "Default",
    "helmetModelPart": "Helmet",
    "helmetModelTexture": "From armor",
    "bodyModelName": "Default",
    "bodyModelPart": "Body",
    "armsModelPartL": "Arms L",
    "armsModelPartR": "Arms R",
    "bodyModelTexture": "From armor",
    "leggingsModelName": "Default",
    "leggingsModelPartL": "Leggings L",
    "leggingsModelPartR": "Leggings R",
    "leggingsModelTexture": "From armor",
    "bootsModelName": "Default",
    "bootsModelPartL": "Boots L",
    "bootsModelPartR": "Boots R",
    "bootsModelTexture": "From armor",
    "maxDamage": 30,
    "damageValueHelmet": 4,
    "damageValueBody": 10,
    "damageValueLeggings": 12,
    "damageValueBoots": 4,
    "enchantability": 18,
    "toughness": 0.0,
    "equipSound": {
      "value": ""
    },
    "repairItems": []
  }
}