{
  "_fv": 10,
  "_type": "tool",
  "definition": {
    "renderType": 0,
    "texture": "painite_shovel",
    "customModelName": "Normal",
    "name": "Painite Shovel",
    "specialInfo": [],
    "creativeTab": {
      "value": "TOOLS"
    },
    "toolType": "Spade",
    "harvestLevel": 4,
    "efficiency": 9.0,
    "attackSpeed": 1.0,
    "enchantability": 28,
    "damageVsEntity": 4.0,
    "usageCount": 660,
    "blocksAffected": [],
    "hasGlow": false,
    "repairItems": [],
    "stayInGridWhenCrafting": false,
    "damageOnCrafting": false
  }
}