{
  "_fv": 10,
  "_type": "tool",
  "definition": {
    "renderType": 0,
    "texture": "painite_sword",
    "customModelName": "Normal",
    "name": "Painite Sword",
    "specialInfo": [],
    "creativeTab": {
      "value": "COMBAT"
    },
    "toolType": "Sword",
    "harvestLevel": 4,
    "efficiency": 9.0,
    "attackSpeed": 1.0,
    "enchantability": 28,
    "damageVsEntity": 7.300000000000001,
    "usageCount": 660,
    "blocksAffected": [],
    "hasGlow": false,
    "repairItems": [],
    "stayInGridWhenCrafting": false,
    "damageOnCrafting": false
  }
}