{
  "_fv": 10,
  "_type": "tool",
  "definition": {
    "renderType": 0,
    "texture": "ruby_sword",
    "customModelName": "Normal",
    "name": "Ruby Sword",
    "specialInfo": [],
    "creativeTab": {
      "value": "COMBAT"
    },
    "toolType": "Sword",
    "harvestLevel": 3,
    "efficiency": 7.0,
    "attackSpeed": 1.0,
    "enchantability": 18,
    "damageVsEntity": 4.199999999999999,
    "usageCount": 361,
    "blocksAffected": [],
    "hasGlow": false,
    "repairItems": [],
    "stayInGridWhenCrafting": false,
    "damageOnCrafting": false
  }
}