{
  "_fv": 10,
  "_type": "recipe",
  "definition": {
    "recipeType": "Smelting",
    "xpReward": 1.0499999999999998,
    "cookingTime": 200,
    "recipeRetstackSize": 1,
    "group": "",
    "recipeShapeless": false,
    "recipeSlots": [
      {
        "value": ""
      },
      {
        "value": ""
      },
      {
        "value": ""
      },
      {
        "value": ""
      },
      {
        "value": ""
      },
      {
        "value": ""
      },
      {
        "value": ""
      },
      {
        "value": ""
      },
      {
        "value": ""
      }
    ],
    "recipeReturnStack": {
      "value": ""
    },
    "smeltingInputStack": {
      "value": "CUSTOM:SapphireOre"
    },
    "smeltingReturnStack": {
      "value": "CUSTOM:SapphireGem"
    },
    "name": "sapphire_ore_smelting",
    "namespace": "mod"
  }
}