{
  "_fv": 10,
  "_type": "tool",
  "definition": {
    "renderType": 0,
    "texture": "silver_sword",
    "customModelName": "Normal",
    "name": "Silver Sword",
    "specialInfo": [],
    "creativeTab": {
      "value": "COMBAT"
    },
    "toolType": "Sword",
    "harvestLevel": 2,
    "efficiency": 5.0,
    "attackSpeed": 1.0,
    "enchantability": 11,
    "damageVsEntity": 5.6000000000000005,
    "usageCount": 183,
    "blocksAffected": [],
    "hasGlow": false,
    "repairItems": [],
    "stayInGridWhenCrafting": false,
    "damageOnCrafting": false
  }
}