{
  "_fv": 10,
  "_type": "armor",
  "definition": {
    "enableHelmet": true,
    "textureHelmet": "silver_head",
    "enableBody": true,
    "textureBody": "silver_body",
    "enableLeggings": true,
    "textureLeggings": "silver_leggings",
    "enableBoots": true,
    "textureBoots": "silver_boots",
    "creativeTab": {
      "value": "COMBAT"
    },
    "armorTextureFile": "silver",
    "helmetName": "Silver Helmet",
    "bodyName": "Silver Chestplate",
    "leggingsName": "Silver Leggings",
    "bootsName": "Silver Boots",
    "helmetSpecialInfo": [],
    "bodySpecialInfo": [],
    "leggingsSpecialInfo": [],
    "bootsSpecialInfo": [],
    "helmetModelName": "Default",
    "helmetModelPart": "Helmet",
    "helmetModelTexture": "From armor",
    "bodyModelName": "Default",
    "bodyModelPart": "Body",
    "armsModelPartL": "Arms L",
    "armsModelPartR": "Arms R",
    "bodyModelTexture": "From armor",
    "leggingsModelName": "Default",
    "leggingsModelPartL": "Leggings L",
    "leggingsModelPartR": "Leggings R",
    "leggingsModelTexture": "From armor",
    "bootsModelName": "Default",
    "bootsModelPartL": "Boots L",
    "bootsModelPartR": "Boots R",
    "bootsModelTexture": "From armor",
    "maxDamage": 12,
    "damageValueHelmet": 2,
    "damageValueBody": 4,
    "damageValueLeggings": 5,
    "damageValueBoots": 2,
    "enchantability": 7,
    "toughness": 0.0,
    "equipSound": {
      "value": ""
    },
    "repairItems": []
  }
}