{
  "_fv": 10,
  "_type": "tool",
  "definition": {
    "renderType": 0,
    "texture": "sorcerersdust_hoe",
    "customModelName": "Normal",
    "name": "Sorcerers Dust Hoe",
    "specialInfo": [],
    "creativeTab": {
      "value": "TOOLS"
    },
    "toolType": "Hoe",
    "harvestLevel": 3,
    "efficiency": 8.0,
    "attackSpeed": 1.0,
    "enchantability": 21,
    "damageVsEntity": 3.0,
    "usageCount": 441,
    "blocksAffected": [],
    "hasGlow": false,
    "repairItems": [],
    "stayInGridWhenCrafting": false,
    "damageOnCrafting": false
  }
}