{
  "_fv": 10,
  "_type": "armor",
  "definition": {
    "enableHelmet": true,
    "textureHelmet": "sorcerersdust_head",
    "enableBody": true,
    "textureBody": "sorcerersdust_body",
    "enableLeggings": true,
    "textureLeggings": "sorcerersdust_leggings",
    "enableBoots": true,
    "textureBoots": "sorcerersdust_boots",
    "creativeTab": {
      "value": "COMBAT"
    },
    "armorTextureFile": "sorcerersdust",
    "helmetName": "Sorcerers Dust Helmet",
    "bodyName": "Sorcerers Dust Chestplate",
    "leggingsName": "Sorcerers Dust Leggings",
    "bootsName": "Sorcerers Dust Boots",
    "helmetSpecialInfo": [],
    "bodySpecialInfo": [],
    "leggingsSpecialInfo": [],
    "bootsSpecialInfo": [],
    "helmetModelName": "Default",
    "helmetModelPart": "Helmet",
    "helmetModelTexture": "From armor",
    "bodyModelName": "Default",
    "bodyModelPart": "Body",
    "armsModelPartL": "Arms L",
    "armsModelPartR": "Arms R",
    "bodyModelTexture": "From armor",
    "leggingsModelName": "Default",
    "leggingsModelPartL": "Leggings L",
    "leggingsModelPartR": "Leggings R",
    "leggingsModelTexture": "From armor",
    "bootsModelName": "Default",
    "bootsModelPartL": "Boots L",
    "bootsModelPartR": "Boots R",
    "bootsModelTexture": "From armor",
    "maxDamage": 23,
    "damageValueHelmet": 3,
    "damageValueBody": 8,
    "damageValueLeggings": 9,
    "damageValueBoots": 3,
    "enchantability": 14,
    "toughness": 0.0,
    "equipSound": {
      "value": ""
    },
    "repairItems": []
  }
}