{
  "_fv": 10,
  "_type": "block",
  "definition": {
    "texture": "thorns",
    "textureTop": "thorns",
    "textureLeft": "thorns",
    "textureFront": "thorns",
    "textureRight": "thorns",
    "textureBack": "thorns",
    "renderType": 11,
    "customModelName": "Single texture",
    "rotationMode": 0,
    "emissiveRendering": false,
    "itemTexture": "",
    "blockBase": "Leaves",
    "hasTransparency": false,
    "connectedSides": true,
    "transparencyType": "SOLID",
    "mx": 0.0,
    "my": 0.0,
    "mz": 0.0,
    "Mx": 1.0,
    "My": 1.0,
    "Mz": 1.0,
    "name": "Thorns",
    "specialInfo": [],
    "hardness": 1.0,
    "resistance": 11.0,
    "hasGravity": false,
    "creativeTab": {
      "value": "BUILDING_BLOCKS"
    },
    "destroyTool": "shovel",
    "customDrop": {
      "value": ""
    },
    "dropAmount": 1,
    "isBeaconBase": false,
    "enchantPowerBonus": 0.0,
    "plantsGrowOn": false,
    "canProvidePower": false,
    "lightOpacity": 1,
    "material": {
      "value": "LEAVES"
    },
    "tickRate": 10,
    "tickRandomly": true,
    "isReplaceable": false,
    "colorOnMap": "DEFAULT",
    "creativePickItem": {
      "value": ""
    },
    "offsetType": "NONE",
    "aiPathNodeType": "BLOCKED",
    "flammability": 2,
    "fireSpreadSpeed": 1,
    "isLadder": true,
    "slipperiness": 0.6,
    "reactionToPushing": "DESTROY",
    "isNotColidable": true,
    "soundOnStep": {
      "value": "PLANT"
    },
    "luminance": 0.0,
    "unbreakable": false,
    "breakHarvestLevel": 2,
    "spawnParticles": false,
    "particleToSpawn": {
      "value": "EXPLOSION_NORMAL"
    },
    "particleSpawningShape": "Spread",
    "particleSpawningRadious": 0.5,
    "particleAmount": 4,
    "hasInventory": false,
    "guiBoundTo": "<NONE>",
    "openGUIOnRightClick": false,
    "inventorySize": 9,
    "inventoryStackSize": 64,
    "inventoryDropWhenDestroyed": true,
    "inventoryComparatorPower": true,
    "inventoryOutSlotIDs": [],
    "inventoryInSlotIDs": [],
    "hasEnergyStorage": false,
    "energyInitial": 0,
    "energyCapacity": 400000,
    "energyMaxReceive": 200,
    "energyMaxExtract": 200,
    "isFluidTank": false,
    "fluidCapacity": 8000,
    "fluidRestrictions": [],
    "onStartToDestroy": {
      "name": "ThornsEntityCollidesInTheBlock"
    },
    "onEntityCollides": {
      "name": "ThornsEntityCollidesInTheBlock"
    },
    "onEntityWalksOn": {
      "name": "ThornsEntityCollidesInTheBlock"
    },
    "spawnWorldTypes": [],
    "restrictionBiomes": [],
    "blocksToReplace": [
      {
        "value": "Blocks.STONE"
      }
    ],
    "frequencyPerChunks": 10,
    "frequencyOnChunk": 16,
    "minGenerateHeight": 0,
    "maxGenerateHeight": 64
  }
}