{
  "_fv": 10,
  "_type": "biome",
  "definition": {
    "groundBlock": {
      "value": "Blocks.GRASS"
    },
    "undergroundBlock": {
      "value": "Blocks.STONE#0"
    },
    "generateLakes": true,
    "treeType": 1,
    "vanillaTreeType": "Default",
    "minHeight": 7,
    "spawnVines": true,
    "treeVines": {
      "value": "CUSTOM:Thorns"
    },
    "treeStem": {
      "value": "Blocks.LOG#0"
    },
    "treeBranch": {
      "value": "Blocks.LOG#0"
    },
    "treeFruits": {
      "value": "Blocks.AIR"
    },
    "treesPerChunk": 4,
    "grassPerChunk": 3,
    "flowersPerChunk": 5,
    "mushroomsPerChunk": 0,
    "bigMushroomsChunk": 0,
    "sandPathcesPerChunk": 0,
    "gravelPatchesPerChunk": 1,
    "reedsPerChunk": 0,
    "cactiPerChunk": 0,
    "rainingPossibility": 0.7,
    "temperature": 0.4,
    "baseHeight": 0.1,
    "heightVariation": 0.2,
    "spawnBiome": true,
    "biomeWeight": 10,
    "biomeType": "WARM",
    "biomeCategory": "NONE",
    "parent": {
      "value": "No parent"
    },
    "biomeDictionaryTypes": [],
    "spawnEntries": [
      {
        "entity": {
          "value": "EntityAgeable"
        },
        "minGroup": 4,
        "maxGroup": 4,
        "weight": 20,
        "spawnType": "monster"
      },
      {
        "entity": {
          "value": "EntityAgeable"
        },
        "minGroup": 4,
        "maxGroup": 4,
        "weight": 20,
        "spawnType": "monster"
      }
    ]
  }
}