{
  "_fv": 10,
  "_type": "biome",
  "definition": {
    "groundBlock": {
      "value": "Blocks.SNOW_LAYER"
    },
    "undergroundBlock": {
      "value": "Blocks.ICE"
    },
    "generateLakes": false,
    "treeType": 0,
    "vanillaTreeType": "Default",
    "minHeight": 7,
    "spawnVines": false,
    "treeVines": {
      "value": ""
    },
    "treeStem": {
      "value": ""
    },
    "treeBranch": {
      "value": ""
    },
    "treeFruits": {
      "value": ""
    },
    "treesPerChunk": 0,
    "grassPerChunk": 1,
    "flowersPerChunk": 0,
    "mushroomsPerChunk": 0,
    "bigMushroomsChunk": 0,
    "sandPathcesPerChunk": 0,
    "gravelPatchesPerChunk": 1,
    "reedsPerChunk": 0,
    "cactiPerChunk": 0,
    "rainingPossibility": 0.30000000000000004,
    "temperature": -0.19999999999999998,
    "baseHeight": 0.4,
    "heightVariation": 0.30000000000000004,
    "spawnBiome": true,
    "biomeWeight": 6,
    "biomeType": "COOL",
    "biomeCategory": "NONE",
    "parent": {
      "value": "No parent"
    },
    "biomeDictionaryTypes": [],
    "spawnEntries": [
      {
        "entity": {
          "value": "EntityAgeable"
        },
        "minGroup": 4,
        "maxGroup": 4,
        "weight": 20,
        "spawnType": "monster"
      },
      {
        "entity": {
          "value": "EntityAgeable"
        },
        "minGroup": 1,
        "maxGroup": 2,
        "weight": 10,
        "spawnType": "creature"
      }
    ]
  }
}